,alpha,beta,delta,epsilon,gamma
S_2_mock_5dpi_S70002,0.48916438,0.31626147,0.2792232,0.0,0.0
S_3_mock_5dpi_S69997,0.48373917,0.2982896,0.30689788,0.0,0.0
S_2_SARS_5dpi_S70003,0.5450518,0.28417426,0.2559403,0.0,0.0
S_3_SARS_5dpi_S69996,0.5239225,0.29413226,0.28229797,0.0,0.0
S_2_Rem_5dpi_S70001,0.52011764,0.2985244,0.26881364,0.0,0.0
S_3_Rem_5dpi_S69995,0.505288,0.31505567,0.25721994,0.0,0.0
